Title,Date
John Wick,11/25/24
The Dark Knight,10/15/23
Alien,08/05/21
The Shining,07/20/24
Breaking Bad,06/15/23
Pulp Fiction,05/10/22
Stranger Things,04/05/24
Inglourious Basterds,03/01/23
Joker,02/15/22
The Mandalorian,01/20/24
Drive,12/12/23
The Silence of the Lambs,11/08/22
It Follows,10/03/24
Coco,09/18/23
Fargo,08/25/21
1917,06/22/23
The Matrix,05/15/22
Train to Busan,04/10/24
test_notfound_5,03/01/11
test_notfound_6,02/10/12
test_notfound_7,01/05/13
Annihilation,11/20/23
Gone Girl,10/15/22